catalogue,content,content_image,editorial,image,introduction,label,s_paragraph,t_paragraph,title,view
"育児中に利用したい「子育てタクシー」とは？,子育てタクシーのコースは？,子育てタクシーを利用できる地域は？,子育てタクシーの利用料金は？,子育てタクシーの登録方法は？,子育てタクシーなら移動も安心,あわせて読みたい","育児中に利用したい「子育てタクシー」とは？子育て世帯の移動をサポート「子育てタクシー®」とは、一般社団法人全国子育てタクシー協会に加盟しているタクシー会社および子育て支援団体で運営されているサービスです。妊婦さんと0～15歳の子ども、その保護者を対象とした子育て支援が受けられます。タクシーといっても、子育てタクシーで提供されるサービスは単なる移動手段としての機能にとどまりません。保護者の代わりに保育園や塾などの送迎をしたり玄関先まで荷物を運んだりと、ドライバーが親身になって赤ちゃんやきょうだいがいる家庭のさまざまなニーズに対応しています。「子連れでタクシーを利用するのは迷惑ではないか」「子どもひとりで外出させるのは心配」という不安に子育てタクシーは寄り添い、やさしくサポートしてくれることでしょう。養成講座課程を修了したドライバーが支援子育てタクシーを運転するのは「子育てタクシードライバー養成講座」と「保育実習」の課程を修了したドライバーです。サービスを提供するにあたって運行手順を細かく定め、安心・安全に運用しています。さらに、安心して利用できるブランドとしての品質を保つため、子育てタクシーは商標登録を行っています。つまり、子育てタクシーを名乗れるのは、加盟社と認定を受けたドライバーだけなのです。こうして類似のサービスとの差別化を図り、信頼性を高めています。子育てタクシーに加盟しているタクシーは、オリジナルロゴや専用のステッカーが目印です。万が一に備えた補償制度も整備子育てタクシーの登録ドライバーは、協会が定めた「子育てタクシー保険」に加入しています。事故などが起こった際に自動車保険の補償でカバーするのはもちろん、子育てタクシー保険では持ち物の破損やタクシーを降車したあとの転倒によって負ったケガなども補償します。セクハラやモラハラなども対象としており、万が一の備えも万全です。子育てタクシーのコースは？かんがるーコース子ども連れでの外出は、おむつに着替えにとどうしても荷物がふくらみますね。保育園や幼稚園の送迎時など、かさばる荷物に苦労した経験があるママ・パパもいることでしょう。そんなときに子連れでの外出をサポートするのが「かんがるーコース」です。赤ちゃんの健診や通院、保育園・幼稚園の送迎など、日常的な外出にも便利に使えます。要望に応じて、玄関先まで荷物やベビーカーを届けてくれるので、途中で赤ちゃんが寝てしまっても起こさずに済みそうですね。ひよこコース通園・通学・通塾の際に保護者が帯同せず、子どもひとりでの送迎を請け負ってくれるのが「ひよこコース」です。事前に登録しておけば急な仕事で保育園のお迎えに間に合わないときや、下の子のお世話できょうだいの塾への送迎ができないときなどにも利用できる便利なサービスです。対象年齢は0歳から15歳ですが、ひとりで乗車できる年齢の下限を設定していることもあるため確認しておきましょう。利用に際しては送迎時の対応、完了報告の連絡先などを事前に打ち合わせします。第三者によるお迎えの場合は園や塾などへの登録が必要なこともあるので、こちらもあわせて確認しておくと良いでしょう。こうのとりコース「こうのとりコース」は、子育てタクシーを陣痛タクシーとして運用するサービスです。出産予定日や産院を事前登録しておけば、準備を整えたタクシーが産院までの送迎を行ってくれます。子育てタクシーがあれば、ママがひとりのときに陣痛がきても安心ですね。(adsbygoogle = window.adsbygoogle || []).push({});(adsbygoogle = window.adsbygoogle || []).push({});ふくろうコース夜間の急な体調不良やトラブルに対応してくれるのが「ふくろうコース」です。たとえば、子どもが夜間に高熱を出して病院に連れて行こうとなったとき、子育てタクシーを利用すれば子どもの様子を見ながら移動できます。ママが車を運転するとなるとそうもいきませんね。訓練を受けたドライバーが近くにいることで、心強さも違うことでしょう。子育てタクシーを利用できる地域は？子育てタクシーに加盟している会社は28都道府県123社、登録ドライバーは1,672名です（令和4年3月末現在）。全国へとエリアを拡大中ですが、すべてのエリアで対応しているわけではありません。地域によって運行していない場合もあるので、近くに加盟会社があるか確認してみましょう。特に里帰り先での利用を検討している場合は、あらかじめ確認しておくと良いでしょう。子育てタクシーが運行している地域は（社）全国子育てタクシー協会のホームページで確認できます。一般社団法人全国子育てタクシー協会子育てタクシーの利用料金は？子育てタクシーは原則として事前の利用登録を推奨しており、その際の登録料は無料です。利用料金は通常のタクシー料金と同じメーターによる距離制運賃もしくは時間制運賃を採用しています。時間制運賃の相場は1時間当たり5,000円～6,000円です。料金設定は加盟社ごとに異なり、運賃のほか迎車料、予約料、深夜早朝割増、チャイルドシート使用料などを設定していることもあります。地域によって子育て支援の助成が受けられます。また、子どもだけで利用するひよこコースでは、現金での徴収は行わず振り込みやクレジットカードでの支払いを指定している会社もあります。利用するタクシー会社がどのような決済方法を採用しているのか、利用に際して確認しておくと良いでしょう。子育てタクシーの登録方法は？子育てタクシーを利用するときは、サービスを提供している会社に利用登録をしておくと必要なときに優先的にサービスが受けられます。里帰り先などで利用するときも、滞在先の加盟社に登録しておきましょう。登録方法はWEB、電話、FAXなどが用意されています。子育てタクシーはコースによっては事前登録をしなくても利用できますが、乗員や車両の利用状況により配車を断られることがあるかもしれません。スムーズな配車には、事前の利用登録がおすすめです。子育てタクシーなら移動も安心子ども連れでの外出は子どもが寝たとき、騒いだとき、帰りの荷物が増えたときなど考えることがたくさんありますね。外出先で必要になるものを準備するのも大変です。いろいろ考えると、外出に二の足を踏んでしまうこともあるのではないでしょうか。子育てタクシーはこうしたママ・パパたちの負担に配慮し、細やかに手を差しのべてくれるサービスです。介護タクシーや観光タクシーなど、タクシー会社がこれまで培ってきたノウハウも生きています。登録したからといって必ず利用しなければいけないわけでもありません。通常のタクシーを利用する感覚で、手軽に利用していきたいですね。※この記事は2022年4月時点の情報をもとに作成しています。掲載した時点以降に情報が変更される場合がありますので、あらかじめご了承ください。(adsbygoogle = window.adsbygoogle || []).push({});(adsbygoogle = window.adsbygoogle || []).push({});あわせて読みたい体験談あり｜ファミリーサポート(ファミサポ)とは？料金や利用方法、利用者の声をご紹介！https://mamanoko.jp/articles/29930【助産師監修】ママの強い味方、産後ケアはどこで受けられる？産後ケア事業の種類や期間もご紹介https://mamanoko.jp/articles/32022赤ちゃんと外出先での離乳食！持ち運びにおすすめの容器・ベビーフードや注意点は？https://mamanoko.jp/articles/28849ワ―ママ・復職ママ必見！子の看護休暇・介護休暇が時間単位で取得可能を簡単解説！義務化に伴いよくある事例を紹介https://mamanoko.jp/articles/31848産後は骨盤を整える最大のチャンス⁉女性専門骨盤ケアサロンオーナーが子育てママに伝授！https://mamanoko.jp/articles/31850",,tomachako,https://cdn.mamanoko.jp/attachments/970e6c14b4f533ee8a57c6913c5f0f300c128d32/store/fill/80/80/64f9fdecf9c17fc46d3da38517794c23094279f8ab53ab7a4bc161c3a2ce/image.jpg,"タクシー会社が運行する子育てタクシーは、妊娠中や子育て中のママ・パパの負担を軽減する子育て支援サービスです。ママ・パパたちのさまざまなニーズに対応できるよう、4つのコースが設定されています。ここでは、東京、大阪といった大都市圏をはじめ、全国に展開が進む子育てタクシーの料金や利用方法をご紹介します。
","# 子どもの生活,# 陣痛,# 保育園・幼稚園・こども園",,,育児中に利用したい「子育てタクシー」とは？料金や利用できる地域&登録方法紹介,7700 view
catalogue,content,content_image,editorial,image,introduction,label,s_paragraph,t_paragraph,title,view
"寝かしつけプロジェクターとは？,寝かしつけにプロジェクターがおすすめな理由は？,寝かしつけプロジェクターを選ぶポイント,編集部おすすめ 寝かしつけのプロジェクター,寝かしつけプロジェクターで夜の時間を充実させよう,あわせて読みたい","寝かしつけプロジェクターとは？寝かしつけプロジェクターは壁や天井に画像を投影できる装置です。画像と連動した音楽やお話など、趣向を凝らしたさまざまなコンテンツが用意されており、子どもの睡眠習慣をつくるおやすみ前のルーティンとして注目されています。寝かしつけにプロジェクターがおすすめな理由は？睡眠の習慣がつくりやすい夜寝る前に明るい部屋で過ごしていると、脳は興奮状態になるそうです。そうすると脳と身体をリラックスさせるメラトニンの分泌が抑えられてしまいます。間接照明を用いた寝かしつけプロジェクターなら、穏やかな明かりのもとで睡眠に適した空間をつくることができます。絵本やテレビを見るような感覚で楽しい時間を過ごせるので、子どもも自分からすすんで寝室に向かうことが増えるでしょう。「プロジェクターを見たらねんね」という日々の流れをつくりやすく、睡眠習慣も自然と身につきますよ。【月齢別】新生児・赤ちゃんの寝かしつけの方法やコツ！おすすめグッズもご…親子でスキンシップをはかれる静かな環境で顔を寄せ合い、ひとつの方向を一緒に眺める時間は親子のスキンシップをはかるのにも適しています。子どもの体温を感じながらゆったりと過ごしていると、ママも一日の疲れが癒やされることでしょう。知育効果を期待できる寝かしつけプロジェクターは天井や壁に画像を映し出すだけではなく、お話や音楽を一緒に楽しめます。目と耳から子どもにはたらきかけるので、絵本と同様に想像力や豊かな感情が育まれることでしょう。プロジェクターの中には脳科学者や音響の専門家が監修したものや知育コンテンツとして開発されたものもあり、日常的な子育てアイテムとしても重宝しますよ。寝かしつけプロジェクターを選ぶポイント子どもの月齢・年齢に合わせるプロジェクターには音楽に合わせて映像が流れるメロディータイプと、絵本の内容に沿ったお話と映像が流れる読み聞かせタイプの2種類があります。赤ちゃんにはメロディタイプ、話の流れがつかめる幼児には読み聞かせタイプと、子どもの月齢・年齢に合わせて使い分けると良いでしょう。(adsbygoogle = window.adsbygoogle || []).push({});(adsbygoogle = window.adsbygoogle || []).push({});明るさや音量が調整できるもの寝かしつけプロジェクターは、部屋の広さや周囲の環境などに合わせて明るさや音量を調整できるものが便利です。時間がくるとスイッチが切れるタイマー付きのタイプなら、ママやパパが子どもと一緒に寝落ちしてしまっても安心です。横になったまま操作できるリモコン付きのものも使いやすいですよ。かんたんに可動できるもの最近はおうち時間が増え、家庭用プロジェクターで映画や動画を楽しむ人も増えているのではないでしょうか。ホームシアター用のプロジェクターでデータ容量が大きい動画を流すには、パソコンやレコーダー、インターネットに接続して使うのが一般的です。これに対し、寝かしつけプロジェクターはパソコンなどに接続せずに単独で使えるタイプがおすすめです。メロディー内蔵やディスク挿入ですぐに使えるものなら、手軽に使用できますよ。電源にはコンセントにつなぐタイプと電池タイプがあるので、使う場所に合わせて使い勝手の良いものを選びましょう。編集部おすすめ 寝かしつけのプロジェクター天井いっぱい!おやすみホームシアターぐっすりメロディ♪出典：item.rakuten.co.jp【タカラトミー】天井いっぱい!おやすみホームシアターぐっすりメロディ♪ ￥6,950〜（2022/04/28 時点）■電池：単2形アルカリ乾電池4本(別売)
■セット内容：本体×1、ディスク×2、取説(保証書なし)×1
■機能：全16曲＋胎内音・波の音内臓、タイマー付き、天井・壁に投影可能Amazonで見る楽天で見るおやすみホームシアターは、赤ちゃんの寝かしつけ専用に開発された「ぐっすりメロディー」を内蔵しています。手掛けたのは、赤ちゃんけろっとスイッチやバウリンガルなどの開発歴がある日本音響研究所です。リラックス効果が期待できるカノンコードをベースにした音響設計で赤ちゃんを眠りにいざないます。ほかにも赤ちゃんの睡眠に適するように調整されたクラシック曲や子守唄、胎内音など計32曲収録されており、泣き止ませにも効果的ですよ。投影画像はディズニーキャラクターとくまのプーさんの2枚セットになっています。寝かしつけ ぬいぐるみ出典：item.rakuten.co.jp【ロボットプラザ】寝かしつけ ぬいぐるみ￥3,980〜（2022/04/28 時点）■電池：単4形アルカリ乾電池3本(別売)
■機能：心音・自然音、30分で自動電源オフ、ぬいぐるみ本体は丸洗い可能Amazonで見る楽天で見る音声ライトユニットを搭載した、肌触りの良いぬいぐるみ型のプロジェクターです。お腹にあるパネルは星や月の形にくり抜かれており、そこから光が漏れて色鮮やかな星空が浮かび上がる仕組みです。手をかざせば身体に星空が投影されるので、赤ちゃんの好奇心をくすぐることでしょう。ユニットにはオルゴールのメロディのほか、心音やカエルの鳴き声、川のせせらぎ音などの自然音も収録されています。ユニットを取り外してぬいぐるみを丸洗いできるので、衛生対策もばっちりですね。キツネ、ペンギン、象、ユニコーンなどぬいぐるみのバリエーションも豊富にそろいます。スマホでおやすみプロジェクターおそらの絵本出典：www.amazon.co.jpおそらの絵本　本体（お話ディスク付き）￥2,200〜（2022/04/28 時点）■セット内容：プロジェクター本体+お話ディスク1枚
※使用の際はスマートフォンとアプリのダウンロードが必要です。Amazonで見る楽天で見るおそらの絵本はスマートフォン専用のプロジェクターです。本体にお話ディスクをセットし、スマホのライトを使って壁や天井に画像を投影します。無料でダウンロードできるアプリには、絵本の世界観にあわせたBGMや効果音が用意されています。同じお話でもおやすみタイムとお楽しみタイムで違う演出が楽しめるので、夜の寝かしつけにも日中の読み聞かせにも活躍することでしょう。特別なおうちシアターで寝る前の時間が充実します。出典：item.rakuten.co.jpおそらの絵本 おはなしディスク￥880〜（2022/04/28 時点）■ラインアップ（18作品）：おつきさまかぞえうた・しーっ・おやすみペンギン・びっくりばこ・がんばる！はたらくくるま・おおきなかぶ・うさぎとかめ・きたかぜとたいよう・おおかみと7ひきのこやぎ・さんびきのこぶた・シンデレラ・ももたろう・かぐやひめ・おやゆびひめ・ブレーメンのおんがくたい・おんがくれっしゃしゅっぱつAmazonで見る楽天で見るおそらの絵本のお話ディスクは、0歳から7歳頃までの年齢にあわせたお話がさまざまにラインナアップされています。世界中から集められた童話のほか、おでかけジャッキーやおやすみロジャーなど世界の名作も楽しめますよ。(adsbygoogle = window.adsbygoogle || []).push({});(adsbygoogle = window.adsbygoogle || []).push({}); kipkip おやすみプロジェクター出典：item.rakuten.co.jp kipkip おやすみプロジェクター￥21,780〜（2022/04/28 時点）■電池：リモコン/ボタン電池・CR2025（付属）
■セット内容：プロジェクター本体・SDカード2枚、リモコン、専用アダプターAmazonで見る楽天で見るキップキップのおやすみプロジェクターは、脳科学者の監修のもと開発されました。快眠に導くための周波数と明るさで設計されており、寝る前の環境を整えます。付属のSDカード2枚には知育になる名作童話とオリジナル絵本の30冊分が収められています。英語絵本を収めたSDカードも販売されています。子どものスムーズな睡眠習慣づくりに加え、情操教育や言語教育を取り入れたいママやパパにもおすすめです。ディズニー&ピクサーキャラクターズ Dream Switch2出典：item.rakuten.co.jp【セガトイズ】ディズニー&ピクサーキャラクターズ Dream Switch2￥21,999〜（2022/04/28 時点）■電池：単4電池×2（別売）
■セット内容：本体、台座、リモコン、ACアダプター、保証書（保証期間：6ヶ月）、取扱説明書Amazonで見る楽天で見るディズニーの動く絵本プロジェクターDreamSwitchに収録されているのは、32種のおはなしと66種のおたのしみコンテンツです。複数のコンテンツが日本語と英語に対応しており、生活習慣や英語を学ぶ知育コンテンツとしても役立ちます。絵本のナレーションは花江夏樹さんをはじめとする豪華声優陣が担当しています。耳に心地良いナレーションとやさしい明かりで、リラックスした時間が過ごせそうですね。寝る時間のリマインダーや目覚ましとしても使える時計機能もあり、さまざまな生活シーンで活躍してくれますよ。寝かしつけプロジェクターで夜の時間を充実させよう子どもたちが寝る前のひととき、ほのかな明かりの中で親子でゆっくりとした時間を過ごせるのはとても貴重です。「まだ寝ない」「はやく寝て」という気持ちから解放されれば、ママやパパの夜時間も充実しそうですね。寝かしつけプロジェクターは光と音で子どもを睡眠に導きますが、ときには音楽で目が冴えてしまうということもあるかもしれません。そのようなときは音を小さくしたり音を鳴らさずにライトの明かりだけを楽しんだり、使い方を工夫してみましょう。※この記事は2022年4月時点の情報をもとに作成しています。掲載した時点以降に情報が変更される場合がありますので、あらかじめご了承ください。あわせて読みたい寝ない子育児の乗り切り方！赤ちゃんが寝ないでイライラするときの対処法｜助産師監修https://mamanoko.jp/articles/29670【体験談】寝かしつけにおすすめの絵本12選！0～3歳の子どもに読んであげたい絵本は？https://mamanoko.jp/articles/29588【子守唄12選！】赤ちゃんが安心して泣き止む歌で寝かしつけをしようhttps://mamanoko.jp/articles/29606子どもの睡眠時間はどれくらい必要？2・3・4歳では何時間寝れば良い？目安と日本の子どもの睡眠の実態https://mamanoko.jp/articles/15153寝かしつけはいつまで必要？子どもにひとり寝させるトレーニング法とコツhttps://mamanoko.jp/articles/25692",,tomachako,https://cdn.mamanoko.jp/attachments/1be4937e671ef7615bd84182b19edf7f49893d09/store/fill/80/80/01c8aad80922d83f3f79f2b767982f88a2cb85eed75edff0b2f9bc1a63ea/image.jpg,子守唄を歌ったり絵本を読んだりしているうちに子どもが自然に寝てくれるのは理想ですが、実際はそうもいきません。そこでおすすめなのが、家庭用として使える寝かしつけプロジェクターです。寝る前のルーティンとして取り入れれば、睡眠習慣が身につきますよ。寝かしつけにおすすめの理由と選ぶときのポイント、人気の機種をご紹介します。,"# 子育てグッズ,# 子どもの睡眠",,,寝かしつけにおすすめのプロジェクター5選！子どもの睡眠習慣をつくる特徴は？,6968 view
